condition,mean_sig_n,sd_sig_n,p_sig_n_ge_17,metric,observed_diff_17v9,null_mean_diff,null_sd_diff,p_two_sided_vs_observed,p_one_sided_vs_observed
false_session_matching,16.876666666666665,2.1872514988648453,0.57,,,,,,
false_session_matching,,,,delta_h1_zero,0.09022556390977443,0.0017669172932330813,0.0807603668920573,0.25,0.14
false_session_matching,,,,delta_lambda2,0.7096650785537268,-0.2133546295580581,0.43546446361840163,0.11666666666666667,0.006666666666666667
false_session_matching,,,,delta_aspl,-0.23231542001271155,-0.007698505582777155,0.12838554221738788,0.06666666666666667,0.04
random_fake_quantum,16.473333333333333,2.383602474844012,0.49333333333333335,,,,,,
random_fake_quantum,,,,delta_h1_zero,0.09022556390977443,-0.015538847117794482,0.08566312456779658,0.31,0.11
random_fake_quantum,,,,delta_lambda2,0.7096650785537268,-0.14738933349863284,0.4080752284853549,0.11,0.006666666666666667
random_fake_quantum,,,,delta_aspl,-0.23231542001271155,-0.0007671629292166878,0.12168082655409027,0.06,0.023333333333333334
